Nº,ISSN,eISSN,Títulos
1,0360-0300,1557-7341,ACM Computing Surveys
2,0001-0782,1557-7317,Communications of the ACM
3,1049-331X,1557-7392,ACM Transactions on Software Engineering and Methodology
4,0730-0301,1557-7368,ACM Transactions on Graphics
5,,1946-6226,ACM Transactions on Computing Education
6,1551-6857,1551-6865,"ACM Transactions on Multimedia Computing, Communications, and Applications"
7,2157-6904,2157-6912,ACM Transactions on Intelligent Systems and Technology
8,1046-8188,1558-2868,ACM Transactions on Information Systems
9,1073-0516,1557-7325,ACM Transactions on Computer-Human Interaction
10,1533-5399,1557-6051,ACM Transactions on Internet Technology
11,1556-4681,1556-472X,ACM Transactions on Knowledge Discovery from Data
12,0098-3500,1557-7295,ACM Transactions on Mathematical Software
13,1529-3785,1557-945X,ACM Transactions on Computational Logic
14,1550-4859,1550-4867,ACM Transactions on Sensor Networks
15,0004-5411,1557-735X,Journal of the ACM
16,2158-656X,2158-6578,ACM Transactions on Management Information Systems
17,0362-5915,1557-4644,ACM Transactions on Database Systems
18,2471-2566,2471-2574,ACM Transactions on Privacy and Security
19,1936-7406,1936-7414,ACM Transactions on Reconfigurable Technology and Systems
20,,2474-9567,"Proceedings of the ACM on Interactive, Mobile, Wearable and Ubiquitous Technologies"
21,,2573-9522,ACM Transactions on Human-Robot Interaction
22,,2475-1421,Proceedings of the ACM on Programming Languages
23,1556-4673,1556-4711,Journal on Computing and Cultural Heritage
24,1542-7730,1542-7749,Queue
25,2167-8375,2167-8383,ACM Transactions on Economics and Computation
26,1942-3454,1942-3462,ACM Transactions on Computation Theory
27,,2577-6193,Proceedings of the ACM on Computer Graphics and Interactive Techniques
28,,2476-1249,Proceedings of the ACM on Measurement and Analysis of Computing Systems
29,,2573-0142,Proceedings of the ACM on Human-Computer Interaction
30,,2637-8051,ACM Transactions on Computing for Healthcare
31,,2643-6817,ACM Transactions on Quantum Computing
32,,2576-5337,Digital Threats: Research and Practice
33,2160-6455,2160-6463,ACM Transactions on Interactive Intelligent Systems
34,1539-9087,1558-3465,ACM Transactions on Embedded Computing Systems
35,1084-4309,1557-7309,ACM Transactions on Design Automation of Electronic Systems
36,1559-1131,1559-114X,ACM Transactions on the Web
37,1556-4665,1556-4703,ACM Transactions on Autonomous and Adaptive Systems
38,0734-2071,1557-7333,ACM Transactions on Computer Systems
39,,2577-6207,ACM Transactions on Internet of Things
40,1544-3566,1544-3973,ACM Transactions on Architecture and Code Optimization
41,1936-7228,1936-7236,ACM Transactions on Accessible Computing
42,1936-1955,1936-1963,Journal of Data and Information Quality
43,1550-4832,1550-4840,ACM Journal on Emerging Technologies in Computing Systems
44,2153-2184,2153-2192,ACM Inroads
45,1544-3558,1544-3965,ACM Transactions on Applied Perception
46,2375-4699,2375-4702,ACM Transactions on Asian and Low-Resource Language Information Processing
47,2376-3639,2376-3647,ACM Transactions on Modeling and Performance Evaluation of Computing Systems
48,2374-0353,2374-0361,ACM Transactions on Spatial Algorithms and Systems
49,0164-0925,1558-4593,ACM Transactions on Programming Languages and Systems
50,,2639-0175,Digital Government: Research and Practice
51,1072-5520,1558-3449,Interactions
52,1049-3301,1558-1195,ACM Transactions on Modeling and Computer Simulation
53,1528-4972,1528-4980,"XRDS: Crossroads, The ACM Magazine for Students"
54,1549-6325,1549-6333,ACM Transactions on Algorithms
55,2378-962X,2378-9638,ACM Transactions on Cyber-Physical Systems
56,1553-3077,1553-3093,ACM Transactions on Storage
57,,1084-6654,ACM Journal of Experimental Algorithmics
58,,1530-2180,Ubiquity
59,,2770-6699,ACM Transactions on Recommender Systems
60,,2831-3194,ACM / IMS Journal of Data Science
61,,2836-8924,ACM Transactions on Probabilistic Machine Learning
62,,2833-0528,ACM Journal on Autonomous Transportation Systems
63,,2834-5533,ACM Journal on Computing and Sustainable Societies
64,,2832-0565,ACM Journal on Responsible Computing
65,,2832-5516,Games: Research and Practice
66,,2836-6573,Proceedings of the ACM on Management of Data
67,,2834-5509,Proceedings of the ACM on Networking
68,,2994-970X,Proceedings of the ACM on Software Engineering
69,,2688-3007,ACM Transactions on Evolutionary Learning and Optimization
70,,2469-7826,ACM Transactions on Social Computing
71,2329-4949,2329-4957,ACM Transactions on Parallel Computing
72,,2769-6480,Distributed Ledger Technologies: Research and Practice
73,0934-5043,1433-299X,Formal Aspects of Computing