S/N,Journal ID,Journal Title,eISSN,Journal Imprint,Main Discipline,Subject Area,Publishing Model,OA License,URL,Read,Publish
1,13205,3 Biotech,2190-5738,Springer,Chemistry,Chemistry and Materials Science,Hybrid,CC BY,https://springer.com/13205,Read,Publish
2,10288,4OR,1614-2411,Springer,Business and Management,Business and Management,Hybrid,CC BY,https://springer.com/10288,Read,Publish
3,12249,AAPS PharmSciTech,1530-9932,Springer,Biomedicine,Biomedical and Life Sciences,Hybrid,CC BY,https://springer.com/12249,Read,Publish
4,261,Abdominal Radiology,2366-0058,Springer,Medicine & Public Health,Medicine,Hybrid,CC BY,https://springer.com/261,Read,Publish
5,12188,Abhandlungen aus dem Mathematischen Seminar der Universität Hambu,1865-8784,Springer,Mathematics,Mathematics and Statistics,Hybrid,CC BY,https://springer.com/12188,Read,Publish
6,40596,Academic Psychiatry,1545-7230,Springer,Medicine & Public Health,Medicine,Hybrid,CC BY,https://springer.com/40596,Read,Publish
7,769,Accreditation and Quality Assurance,1432-0517,Springer,Chemistry,Chemistry and Materials Science,Hybrid,CC BY,https://springer.com/769,Read,Publish
8,40857,Acoustics Australia,1839-2571,Springer,Engineering,Engineering,Hybrid,CC BY,https://springer.com/40857,Read,Publish
9,12136,Acta Analytica,1874-6349,Springer,Philosophy,Education,Hybrid,CC BY,https://springer.com/12136,Read,Publish
10,10440,Acta Applicandae Mathematicae,1572-9036,Springer,Mathematics,Mathematics and Statistics,Hybrid,CC BY,https://springer.com/10440,Read,Publish
11,10441,Acta Biotheoretica,1572-8358,Springer,Philosophy,Education,Hybrid,CC BY,https://springer.com/10441,Read,Publish
12,592,Acta Diabetologica,1432-5233,Springer,Medicine & Public Health,Medicine,Hybrid,CC BY,https://springer.com/592,Read,Publish
13,10211,acta ethologica,1437-9546,Springer,Life Sciences,Biomedical and Life Sciences,Hybrid,CC BY,https://springer.com/10211,Read,Publish
14,11631,Acta Geochimica,2365-7499,"Science Press, co-published with",Earth Sciences,Earth and Environmental Science,Hybrid,CC BY,https://springer.com/11631,Read,Publish
15,40328,Acta Geodaetica et Geophysica,2213-5820,"Akadémiai Kiadó, co-published",Earth Sciences,Earth and Environmental Science,Hybrid,CC BY,https://springer.com/40328,Read,Publish
16,11600,Acta Geophysica,1895-7455,Springer,Earth Sciences,Earth and Environmental Science,Hybrid,CC BY,https://springer.com/11600,Read,Publish
17,11440,Acta Geotechnica,1861-1133,Springer,Engineering,Engineering,Hybrid,CC BY,https://springer.com/11440,Read,Publish
18,236,Acta Informatica,1432-0525,Springer,Computer Science,Computer Science,Hybrid,CC BY,https://springer.com/236,Read,Publish
19,10474,Acta Mathematica Hungarica,1588-2632,"Akadémiai Kiadó, co-published",Mathematics,Mathematics and Statistics,Hybrid,CC BY,https://springer.com/10474,Read,Publish
20,10473,Acta Mathematica Scientia,1572-9087,Springer,Mathematics,Mathematics and Statistics,Hybrid,CC BY,https://springer.com/10473,Read,Publish
21,10114,"Acta Mathematica Sinica, English Series",1439-7617,Springer,Mathematics,Mathematics and Statistics,Hybrid,CC BY,https://springer.com/10114,Read,Publish
22,40306,Acta Mathematica Vietnamica,2315-4144,Springer,Mathematics,Mathematics and Statistics,Hybrid,CC BY,https://springer.com/40306,Read,Publish
23,10255,"Acta Mathematicae Applicatae Sinica, English Series",1618-3932,Springer,Mathematics,Mathematics and Statistics,Hybrid,CC BY,https://springer.com/10255,Read,Publish
24,707,Acta Mechanica,1619-6937,Springer,Engineering,Engineering,Hybrid,CC BY,https://springer.com/707,Read,Publish
25,10409,Acta Mechanica Sinica,1614-3116,The Chinese Society of Theoretic,Engineering,Engineering,Hybrid,CC BY,https://springer.com/10409,Read,Publish
26,10338,Acta Mechanica Solida Sinica,1860-2134,Springer,Engineering,Engineering,Hybrid,CC BY,https://springer.com/10338,Read,Publish
27,13760,Acta Neurologica Belgica,2240-2993,Springer,Biomedicine,Biomedical and Life Sciences,Hybrid,CC BY,https://springer.com/13760,Read,Publish
28,401,Acta Neuropathologica,1432-0533,Springer,Medicine & Public Health,Medicine,Hybrid,CC BY,https://springer.com/401,Read,Publish
29,13131,Acta Oceanologica Sinica,1869-1099,The Chinese Society of Oceanog,Earth Sciences,Earth and Environmental Science,Hybrid,CC BY,https://springer.com/13131,Read,Publish
30,11686,Acta Parasitologica,1896-1851,Springer,Biomedicine,Biomedical and Life Sciences,Hybrid,CC BY,https://springer.com/11686,Read,Publish
31,41401,Acta Pharmacologica Sinica,1745-7254,Springer Nature,Biomedicine,Biomedical and Life Sciences,Hybrid,CC BY,https://springer.com/41401,Read,Publish
32,11738,Acta Physiologiae Plantarum,1861-1664,Springer,Life Sciences,Biomedical and Life Sciences,Hybrid,CC BY,https://springer.com/11738,Read,Publish
33,10488,Administration and Policy in Mental Health and Mental Health Services R,1573-3289,Springer,Medicine & Public Health,Medicine,Hybrid,CC BY,https://springer.com/10488,Read,Publish
34,40894,Adolescent Research Review,2363-8354,Springer,Psychology,Behavioral Science and Psychology,Hybrid,CC BY,https://springer.com/40894,Read,Publish
35,10450,Adsorption,1572-8757,Springer,Chemistry,Chemistry and Materials Science,Hybrid,CC BY,https://springer.com/10450,Read,Publish
36,42765,Advanced Fiber Materials,2524-793X,Springer,Materials Science,Chemistry and Materials Science,Hybrid,CC BY,https://springer.com/42765,Read,Publish
37,6,Advances in Applied Clifford Algebras,1661-4909,Springer,Physics,Physics and Astronomy,Hybrid,CC BY,https://springer.com/6,Read,Publish
38,376,Advances in Atmospheric Sciences,1861-9533,"Science Press, co-published with",Earth Sciences,Earth and Environmental Science,Hybrid,CC BY,https://springer.com/376,Read,Publish
39,10444,Advances in Computational Mathematics,1572-9044,Springer,Mathematics,Mathematics and Statistics,Hybrid,CC BY,https://springer.com/10444,Read,Publish
40,11634,Advances in Data Analysis and Classification,1862-5355,Springer,Statistics,Mathematics and Statistics,Hybrid,CC BY,https://springer.com/11634,Read,Publish
41,10459,Advances in Health Sciences Education,1573-1677,Springer,Education,Education,Hybrid,CC BY,https://springer.com/10459,Read,Publish
42,40436,Advances in Manufacturing,2195-3597,"Shanghai University, co-publishe",Engineering,Engineering,Hybrid,CC BY,https://springer.com/40436,Read,Publish
43,41252,Advances in Neurodevelopmental Disorders,2366-7540,Springer,Psychology,Behavioral Science and Psychology,Hybrid,CC BY,https://springer.com/41252,Read,Publish
44,43036,Advances in Operator Theory,2538-225X,Birkhäuser,Mathematics,Mathematics and Statistics,Hybrid,CC BY,https://springer.com/43036,Read,Publish
45,13596,Advances in Traditional Medicine,2662-4060,Springer,Biomedicine,Biomedical and Life Sciences,Hybrid,CC BY,https://springer.com/13596,Read,Publish
46,42844,Adversity and Resilience Science,2662-2416,Springer,Psychology,Behavioral Science and Psychology,Hybrid,CC BY,https://springer.com/42844,Read,Publish
47,10,Aequationes Mathematicae,1420-8903,Springer,Mathematics,Mathematics and Statistics,Hybrid,CC BY,https://springer.com/10,Read,Publish
48,10453,Aerobiologia,1573-3025,Springer,Environment,Earth and Environmental Science,Hybrid,CC BY,https://springer.com/10453,Read,Publish
49,41810,Aerosol Science and Engineering,2510-3768,Springer,Earth Sciences,Earth and Environmental Science,Hybrid,CC BY,https://springer.com/41810,Read,Publish
50,42401,Aerospace Systems,2523-3955,Springer,Engineering,Engineering,Hybrid,CC BY,https://springer.com/42401,Read,Publish
51,266,Aesthetic Plastic Surgery,1432-5241,Springer,Medicine & Public Health,Medicine,Hybrid,CC BY,https://springer.com/266,Read,Publish
52,42761,Affective Science,2662-205X,Springer,Psychology,Behavioral Science and Psychology,Hybrid,CC BY,https://springer.com/42761,Read,Publish
53,10437,African Archaeological Review,1572-9842,Springer,Social Sciences,Social Sciences,Hybrid,CC BY,https://springer.com/10437,Read,Publish
54,13370,Afrika Matematika,2190-7668,Springer,Mathematics,Mathematics and Statistics,Hybrid,CC BY,https://springer.com/13370,Read,Publish
55,12126,Ageing International,1936-606X,Springer,Social Sciences,Social Sciences,Hybrid,CC BY,https://springer.com/12126,Read,Publish
56,40003,Agricultural Research,2249-7218,Springer,Life Sciences,Biomedical and Life Sciences,Hybrid,CC BY,https://springer.com/40003,Read,Publish
57,10460,Agriculture and Human Values,1572-8366,Springer,Philosophy,Education,Hybrid,CC BY,https://springer.com/10460,Read,Publish
58,10457,Agroforestry Systems,1572-9680,Springer,Life Sciences,Biomedical and Life Sciences,Hybrid,CC BY,https://springer.com/10457,Read,Publish
59,13593,Agronomy for Sustainable Development,1773-0155,Springer,Life Sciences,Biomedical and Life Sciences,Hybrid,CC BY,https://springer.com/13593,Read,Publish
60,146,AI & SOCIETY,1435-5655,Springer,Computer Science,Computer Science,Hybrid,CC BY,https://springer.com/146,Read,Publish
61,43681,AI and Ethics,2730-5961,Springer,Computer Science,Computer Science,Hybrid,CC BY,https://springer.com/43681,Read,Publish
62,10461,AIDS and Behavior,1573-3254,Springer,Medicine & Public Health,Medicine,Hybrid,CC BY,https://springer.com/10461,Read,Publish
63,11869,"Air Quality, Atmosphere & Health",1873-9326,Springer,Environment,Earth and Environmental Science,Hybrid,CC BY,https://springer.com/11869,Read,Publish
64,10469,Algebra and Logic,1573-8302,Springer,Mathematics,Mathematics and Statistics,Hybrid,CC BY,https://springer.com/10469,Read,Publish
65,12,Algebra Universalis,1420-8911,Springer,Mathematics,Mathematics and Statistics,Hybrid,CC BY,https://springer.com/12,Read,Publish
66,10468,Algebras and Representation Theory,1572-9079,Springer,Mathematics,Mathematics and Statistics,Hybrid,CC BY,https://springer.com/10468,Read,Publish
67,453,Algorithmica,1432-0541,Springer,Computer Science,Computer Science,Hybrid,CC BY,https://springer.com/453,Read,Publish
68,35,Alpine Botany,1664-221X,Springer,Life Sciences,Biomedical and Life Sciences,Hybrid,CC BY,https://springer.com/35,Read,Publish
69,13280,Ambio,1654-7209,Springer,Environment,Earth and Environmental Science,Hybrid,CC BY,https://springer.com/13280,Read,Publish
70,12103,American Journal of Criminal Justice,1936-1351,Springer,Criminology and Criminal Justice,Law and Criminology,Hybrid,CC BY,https://springer.com/12103,Read,Publish
71,10465,American Journal of Dance Therapy,1573-3262,Springer,Psychology,Behavioral Science and Psychology,Hybrid,CC BY,https://springer.com/10465,Read,Publish
72,12230,American Journal of Potato Research,1874-9380,Springer,Life Sciences,Biomedical and Life Sciences,Hybrid,CC BY,https://springer.com/12230,Read,Publish
73,13162,AMS Review,1869-8182,Springer,Business and Management,Business and Management,Hybrid,CC BY,https://springer.com/13162,Read,Publish
74,10470,Analog Integrated Circuits and Signal Processing,1573-1979,Springer,Engineering,Engineering,Hybrid,CC BY,https://springer.com/10470,Read,Publish
75,13324,Analysis and Mathematical Physics,1664-235X,Springer,Mathematics,Mathematics and Statistics,Hybrid,CC BY,https://springer.com/13324,Read,Publish
76,10476,Analysis Mathematica,1588-273X,"Akadémiai Kiadó, co-published",Mathematics,Mathematics and Statistics,Hybrid,CC BY,https://springer.com/10476,Read,Publish
77,216,Analytical and Bioanalytical Chemistry,1618-2650,Springer,Chemistry,Chemistry and Materials Science,Hybrid,CC BY,https://springer.com/216,Read,Publish
78,12565,Anatomical Science International,1447-073X,Springer,Medicine & Public Health,Medicine,Hybrid,CC BY,https://springer.com/12565,Read,Publish
79,10456,Angiogenesis,1573-7209,Springer,Biomedicine,Biomedical and Life Sciences,Hybrid,CC BY,https://springer.com/10456,Read,Publish
80,23,Annales Henri Poincaré,1424-0661,Birkhäuser,Physics,Physics and Astronomy,Hybrid,CC BY,https://springer.com/23,Read,Publish
81,40316,Annales mathématiques du Québec,2195-4763,Springer,Mathematics,Mathematics and Statistics,Hybrid,CC BY,https://springer.com/40316,Read,Publish
82,11565,ANNALI DELL'UNIVERSITA' DI FERRARA,1827-1510,Springer,Mathematics,Mathematics and Statistics,Hybrid,CC BY,https://springer.com/11565,Read,Publish
83,10231,Annali di Matematica Pura ed Applicata (1923 -),1618-1891,Springer,Mathematics,Mathematics and Statistics,Hybrid,CC BY,https://springer.com/10231,Read,Publish
84,10439,Annals of Biomedical Engineering,1573-9686,Springer,Biomedicine,Biomedical and Life Sciences,Hybrid,CC BY,https://springer.com/10439,Read,Publish
85,26,Annals of Combinatorics,0219-3094,Springer,Mathematics,Mathematics and Statistics,Hybrid,CC BY,https://springer.com/26,Read,Publish